BEGIN;

-- Projeto: APP Banking
INSERT INTO public.projects (id, name, tagline, icon, color, soft, description, objectives, metrics, tech, team, trilha)
VALUES ('app-banking', 'APP Banking', 'Aplicativo bancário para pessoa física', 'smartphone', '#0E7C66', '#E6F4F1', 'Aplicativo mobile que concentra conta digital, cartão, Pix e investimentos para clientes pessoa física. É o produto carro-chefe da companhia, com mais de 2 milhões de usuários ativos.', '["Reduzir o tempo de abertura de conta para menos de 3 minutos","Elevar a adoção do Pix recorrente em 20% no próximo trimestre","Manter disponibilidade acima de 99.9%"]'::jsonb, '[{"label":"Tempo de abertura de conta","target":"< 3 min"},{"label":"Adoção de Pix recorrente","target":"+20% no trimestre"},{"label":"Disponibilidade do app","target":"≥ 99.9%"},{"label":"NPS do produto","target":"≥ 65 pontos"}]'::jsonb, '["React Native","Kotlin","Swift","Node.js","PostgreSQL","Kafka"]'::jsonb, '{"lead":"Marina Tassi","size":14,"squads":["Conta & Cartão","Pix","Investimentos"]}'::jsonb, '["Conhecer o produto","Instalar ambiente","Configurar acessos","Ler documentação","Assistir vídeos","Realizar treinamento","Fazer exercício prático","Validar conhecimentos"]'::jsonb)
ON CONFLICT (id) DO UPDATE SET name = EXCLUDED.name, tagline = EXCLUDED.tagline, icon = EXCLUDED.icon, color = EXCLUDED.color, soft = EXCLUDED.soft, description = EXCLUDED.description, objectives = EXCLUDED.objectives, metrics = EXCLUDED.metrics, tech = EXCLUDED.tech, team = EXCLUDED.team, trilha = EXCLUDED.trilha, updated_at = now();

INSERT INTO public.project_contacts (project_id, name, role, contact, sort_order) VALUES ('app-banking', 'Marina Tassi', 'Tech Lead', 'marina.tassi@empresa.com', 0);
INSERT INTO public.project_contacts (project_id, name, role, contact, sort_order) VALUES ('app-banking', 'Igor Bandeira', 'Product Manager', 'igor.bandeira@empresa.com', 1);
INSERT INTO public.project_contacts (project_id, name, role, contact, sort_order) VALUES ('app-banking', 'Cecília Worm', 'Design Lead', 'cecilia.worm@empresa.com', 2);
INSERT INTO public.project_links (project_id, label, url, sort_order) VALUES ('app-banking', 'Repositório principal', '#', 0);
INSERT INTO public.project_links (project_id, label, url, sort_order) VALUES ('app-banking', 'Board do projeto', '#', 1);
INSERT INTO public.project_links (project_id, label, url, sort_order) VALUES ('app-banking', 'Design System', '#', 2);
INSERT INTO public.project_people (project_id, name, role, area, contact, specialty, sort_order) VALUES ('app-banking', 'Marina Tassi', 'Tech Lead', 'Engenharia', 'marina.tassi@empresa.com', 'Arquitetura mobile', 0);
INSERT INTO public.project_people (project_id, name, role, area, contact, specialty, sort_order) VALUES ('app-banking', 'Igor Bandeira', 'Product Manager', 'Produto', 'igor.bandeira@empresa.com', 'Estratégia de produto', 1);
INSERT INTO public.project_people (project_id, name, role, area, contact, specialty, sort_order) VALUES ('app-banking', 'Cecília Worm', 'Design Lead', 'Design', 'cecilia.worm@empresa.com', 'Design System', 2);
INSERT INTO public.project_people (project_id, name, role, area, contact, specialty, sort_order) VALUES ('app-banking', 'Rafael Quintão', 'Engenheiro de Software', 'Engenharia', 'rafael.quintao@empresa.com', 'Pix & Pagamentos', 3);
INSERT INTO public.project_stakeholders (project_id, name, role, area, contact, influence, interest, expectativa, sort_order) VALUES ('app-banking', 'Fernanda Lima', 'Head de Produto Digital', 'Produto', 'fernanda.lima@empresa.com', 'Alto', 'Alto', 'Entregas no prazo e qualidade de UX', 0);
INSERT INTO public.project_stakeholders (project_id, name, role, area, contact, influence, interest, expectativa, sort_order) VALUES ('app-banking', 'Carlos Menezes', 'Diretor de TI', 'Tecnologia', 'carlos.menezes@empresa.com', 'Alto', 'Médio', 'Estabilidade e segurança da plataforma', 1);
INSERT INTO public.project_stakeholders (project_id, name, role, area, contact, influence, interest, expectativa, sort_order) VALUES ('app-banking', 'Ana Beatriz', 'Head de Compliance', 'Jurídico', 'ana.beatriz@empresa.com', 'Médio', 'Alto', 'Aderência às regulações do Bacen', 2);
INSERT INTO public.project_stakeholders (project_id, name, role, area, contact, influence, interest, expectativa, sort_order) VALUES ('app-banking', 'Roberto Alencar', 'CFO', 'Financeiro', 'roberto.alencar@empresa.com', 'Alto', 'Baixo', 'ROI e controle de custos de infra', 3);
INSERT INTO public.project_meetings (project_id, name, frequency, duration, meeting_time, participants, descricao, link, sort_order) VALUES ('app-banking', 'Daily', 'Diária', '15 min', '09:15', '["Devs","QA","Tech Lead"]'::jsonb, 'Alinhamento diário: o que foi feito, o que será feito, impedimentos.', 'https://meet.google.com/abc-defg-hij', 0);
INSERT INTO public.project_meetings (project_id, name, frequency, duration, meeting_time, participants, descricao, link, sort_order) VALUES ('app-banking', 'Sprint Planning', 'A cada 2 semanas', '2h', '09:00 (seg)', '["Devs","QA","PO","Tech Lead"]'::jsonb, 'Planejamento das tarefas do próximo sprint com refinamento do backlog.', 'https://meet.google.com/abc-defg-hij', 1);
INSERT INTO public.project_meetings (project_id, name, frequency, duration, meeting_time, participants, descricao, link, sort_order) VALUES ('app-banking', 'Sprint Review', 'A cada 2 semanas', '1h', '16:00 (sex)', '["Devs","PO","Stakeholders"]'::jsonb, 'Demonstração das funcionalidades entregues no sprint.', 'https://meet.google.com/abc-defg-hij', 2);
INSERT INTO public.project_meetings (project_id, name, frequency, duration, meeting_time, participants, descricao, link, sort_order) VALUES ('app-banking', 'Retrospectiva', 'A cada 2 semanas', '1h', '17:00 (sex)', '["Devs","QA","Tech Lead","PO"]'::jsonb, 'Análise do processo: o que funcionou, o que melhorar, ações de melhoria.', 'https://meet.google.com/abc-defg-hij', 3);
INSERT INTO public.project_meetings (project_id, name, frequency, duration, meeting_time, participants, descricao, link, sort_order) VALUES ('app-banking', 'Refinamento', 'Semanal', '1h', '14:00 (qua)', '["Devs","PO"]'::jsonb, 'Detalhamento e estimativa das histórias do backlog para futuros sprints.', 'https://meet.google.com/abc-defg-hij', 4);
INSERT INTO public.project_meetings (project_id, name, frequency, duration, meeting_time, participants, descricao, link, sort_order) VALUES ('app-banking', 'Sync com Stakeholders', 'Mensal', '1h', '10:00 (1ª seg)', '["PO","Tech Lead","Stakeholders"]'::jsonb, 'Atualização de roadmap e alinhamento de expectativas com as lideranças.', 'https://meet.google.com/abc-defg-hij', 5);
INSERT INTO public.project_glossary (project_id, term, definition, sort_order) VALUES ('app-banking', 'PIX', 'Sistema de pagamentos instantâneos do Banco Central do Brasil.', 0);
INSERT INTO public.project_glossary (project_id, term, definition, sort_order) VALUES ('app-banking', 'Settlement', 'Liquidação financeira final de uma transação entre as partes.', 1);
INSERT INTO public.project_glossary (project_id, term, definition, sort_order) VALUES ('app-banking', 'Chargeback', 'Estorno de uma transação contestada pelo titular do cartão.', 2);
INSERT INTO public.project_glossary (project_id, term, definition, sort_order) VALUES ('app-banking', 'Webhook', 'Notificação automática enviada por um sistema quando um evento ocorre.', 3);
INSERT INTO public.project_glossary (project_id, term, definition, sort_order) VALUES ('app-banking', 'Rollback', 'Reversão de uma alteração para um estado anterior estável.', 4);
INSERT INTO public.project_glossary (project_id, term, definition, sort_order) VALUES ('app-banking', 'EMV', 'Padrão técnico de segurança usado em cartões com chip.', 5);
INSERT INTO public.project_faq (project_id, category, question, answer, sort_order) VALUES ('app-banking', 'Acesso', 'Como solicito acesso ao repositório?', 'Abra um chamado no canal #acessos-app-banking com seu usuário do GitHub.', 0);
INSERT INTO public.project_faq (project_id, category, question, answer, sort_order) VALUES ('app-banking', 'Acesso', 'Quem aprova permissões de produção?', 'O Tech Lead do squad responsável aprova via formulário interno.', 1);
INSERT INTO public.project_faq (project_id, category, question, answer, sort_order) VALUES ('app-banking', 'Ambiente', 'Como configuro o ambiente local?', 'Siga o guia em Documentação > Padrões de Código, seção de setup.', 2);
INSERT INTO public.project_documents (project_id, category, title, doc_type, author, doc_date, url, sort_order) VALUES ('app-banking', 'Arquitetura', 'Visão geral de microsserviços', 'Diagrama', 'Marina Tassi', '2025-03-12'::date, '#', 0);
INSERT INTO public.project_documents (project_id, category, title, doc_type, author, doc_date, url, sort_order) VALUES ('app-banking', 'Arquitetura', 'Diagrama de infraestrutura', 'Diagrama', 'Rafael Quintão', '2025-04-20'::date, '#', 1);
INSERT INTO public.project_documents (project_id, category, title, doc_type, author, doc_date, url, sort_order) VALUES ('app-banking', 'Regras de negócio', 'Política de limites do Pix', 'Documento', 'Igor Bandeira', '2025-05-05'::date, '#', 2);
INSERT INTO public.project_documents (project_id, category, title, doc_type, author, doc_date, url, sort_order) VALUES ('app-banking', 'Regras de negócio', 'Regras de score de crédito', 'Documento', 'Igor Bandeira', '2025-05-10'::date, '#', 3);
INSERT INTO public.project_documents (project_id, category, title, doc_type, author, doc_date, url, sort_order) VALUES ('app-banking', 'Fluxos', 'Fluxo de abertura de conta', 'Fluxo', 'Cecília Worm', '2025-06-18'::date, '#', 4);
INSERT INTO public.project_documents (project_id, category, title, doc_type, author, doc_date, url, sort_order) VALUES ('app-banking', 'Fluxos', 'Fluxo de contestação', 'Fluxo', 'Cecília Worm', '2025-06-22'::date, '#', 5);
INSERT INTO public.project_documents (project_id, category, title, doc_type, author, doc_date, url, sort_order) VALUES ('app-banking', 'Design System', 'Biblioteca de componentes mobile', 'Referência', 'Cecília Worm', '2025-07-30'::date, '#', 6);
INSERT INTO public.project_documents (project_id, category, title, doc_type, author, doc_date, url, sort_order) VALUES ('app-banking', 'APIs', 'Catálogo de endpoints internos', 'Referência', 'Rafael Quintão', '2025-08-14'::date, '#', 7);
INSERT INTO public.project_documents (project_id, category, title, doc_type, author, doc_date, url, sort_order) VALUES ('app-banking', 'Banco de Dados', 'Modelo de dados de contas', 'Documento', 'Marina Tassi', '2025-09-02'::date, '#', 8);
INSERT INTO public.project_documents (project_id, category, title, doc_type, author, doc_date, url, sort_order) VALUES ('app-banking', 'Padrões de Código', 'Guia de estilo React Native', 'Guia', 'Rafael Quintão', '2025-09-15'::date, '#', 9);
INSERT INTO public.project_documents (project_id, category, title, doc_type, author, doc_date, url, sort_order) VALUES ('app-banking', 'Boas práticas', 'Checklist de code review', 'Guia', 'Marina Tassi', '2025-10-01'::date, '#', 10);
INSERT INTO public.project_operation_alerts (project_id, nome, severidade, significado, acao, sort_order) VALUES ('app-banking', 'HIGH_LATENCY_PIX', 'Alta', 'Tempo de resposta do Pix acima de 3s. Pode indicar gargalo no serviço de pagamentos ou timeout com o Bacen.', 'Verificar logs do serviço pix-processor e métricas de fila Kafka.', 0);
INSERT INTO public.project_operation_alerts (project_id, nome, severidade, significado, acao, sort_order) VALUES ('app-banking', 'DB_CONNECTION_POOL_EXHAUSTED', 'Alta', 'Pool de conexões com o PostgreSQL esgotado. Risco de indisponibilidade do app.', 'Aumentar pool temporariamente e investigar queries lentas com EXPLAIN ANALYZE.', 1);
INSERT INTO public.project_operation_alerts (project_id, nome, severidade, significado, acao, sort_order) VALUES ('app-banking', 'FAILED_LOGIN_SPIKE', 'Média', 'Pico de tentativas de login com falha. Possível ataque de credential stuffing.', 'Ativar rate limiting e notificar time de segurança via #seguranca-banking.', 2);
INSERT INTO public.project_operation_alerts (project_id, nome, severidade, significado, acao, sort_order) VALUES ('app-banking', 'CERT_EXPIRY_WARNING', 'Baixa', 'Certificado SSL/TLS com menos de 30 dias para expirar.', 'Renovar certificado via painel da AWS Certificate Manager.', 3);
INSERT INTO public.project_operation_diagnostics (project_id, step_text, sort_order) VALUES ('app-banking', '1. Verificar o status de saúde no painel de observabilidade (Datadog)', 0);
INSERT INTO public.project_operation_diagnostics (project_id, step_text, sort_order) VALUES ('app-banking', '2. Checar os logs do serviço afetado filtrando por nível ERROR nos últimos 30 min', 1);
INSERT INTO public.project_operation_diagnostics (project_id, step_text, sort_order) VALUES ('app-banking', '3. Verificar se há deploy recente que possa ter introduzido a regressão', 2);
INSERT INTO public.project_operation_diagnostics (project_id, step_text, sort_order) VALUES ('app-banking', '4. Analisar métricas de CPU, memória e latência nos dashboards de infra', 3);
INSERT INTO public.project_operation_diagnostics (project_id, step_text, sort_order) VALUES ('app-banking', '5. Confirmar se o problema é isolado a um microsserviço ou afeta toda a plataforma', 4);
INSERT INTO public.project_operation_diagnostics (project_id, step_text, sort_order) VALUES ('app-banking', '6. Acionar o responsável técnico do squad afetado via canal #incidentes-banking', 5);
INSERT INTO public.project_operation_diagnostics (project_id, step_text, sort_order) VALUES ('app-banking', '7. Abrir post-mortem no Confluence após resolução para documentar aprendizados', 6);
INSERT INTO public.project_operation_contacts (project_id, problema, responsavel, canal, sort_order) VALUES ('app-banking', 'Indisponibilidade do app', 'Marina Tassi (Tech Lead)', '#incidentes-banking', 0);
INSERT INTO public.project_operation_contacts (project_id, problema, responsavel, canal, sort_order) VALUES ('app-banking', 'Falha no Pix ou pagamentos', 'Rafael Quintão (Squad Pix)', '#squad-pix', 1);
INSERT INTO public.project_operation_contacts (project_id, problema, responsavel, canal, sort_order) VALUES ('app-banking', 'Questões regulatórias / compliance', 'Ana Beatriz (Compliance)', '#compliance-banking', 2);
INSERT INTO public.project_operation_contacts (project_id, problema, responsavel, canal, sort_order) VALUES ('app-banking', 'Infraestrutura e cloud', 'SRE Team', '#sre-infra', 3);
INSERT INTO public.project_operation_contacts (project_id, problema, responsavel, canal, sort_order) VALUES ('app-banking', 'Design e UX', 'Cecília Worm (Design Lead)', '#design-banking', 4);
INSERT INTO public.project_operation_logs (project_id, sistema, onde, filtro, sort_order) VALUES ('app-banking', 'Aplicação mobile (React Native)', 'Datadog APM → Services → app-banking-rn', 'status:error @env:production | últimos 30min', 0);
INSERT INTO public.project_operation_logs (project_id, sistema, onde, filtro, sort_order) VALUES ('app-banking', 'API de pagamentos', 'Datadog Logs → Index production-api', 'service:pix-processor level:ERROR', 1);
INSERT INTO public.project_operation_logs (project_id, sistema, onde, filtro, sort_order) VALUES ('app-banking', 'Banco de dados PostgreSQL', 'RDS console → Logs & events → error/postgresql.log', 'Filtrar por FATAL, ERROR ou slow query acima de 1000ms', 2);
INSERT INTO public.project_operation_logs (project_id, sistema, onde, filtro, sort_order) VALUES ('app-banking', 'Kafka (filas de eventos)', 'Confluent Cloud → Topics → Monitoring', 'Consumer lag > 1000 no tópico pix-events', 3);
INSERT INTO public.project_operation_channels (project_id, nome, plataforma, descricao, sort_order) VALUES ('app-banking', '#app-banking-geral', 'Slack', 'Canal principal do time para comunicações gerais do projeto.', 0);
INSERT INTO public.project_operation_channels (project_id, nome, plataforma, descricao, sort_order) VALUES ('app-banking', '#incidentes-banking', 'Slack', 'Alertas de produção e coordenação de incidentes em tempo real.', 1);
INSERT INTO public.project_operation_channels (project_id, nome, plataforma, descricao, sort_order) VALUES ('app-banking', '#squad-pix', 'Slack', 'Comunicação focada no squad de Pix e pagamentos.', 2);
INSERT INTO public.project_operation_channels (project_id, nome, plataforma, descricao, sort_order) VALUES ('app-banking', '#releases-banking', 'Slack', 'Notificações automáticas de deploy e changelog.', 3);
INSERT INTO public.project_operation_channels (project_id, nome, plataforma, descricao, sort_order) VALUES ('app-banking', 'Board Jira', 'Jira', 'Gestão de tarefas, sprints e backlog do produto.', 4);

-- Projeto: Tupi
INSERT INTO public.projects (id, name, tagline, icon, color, soft, description, objectives, metrics, tech, team, trilha)
VALUES ('tupi', 'Tupi', 'Maquininha e ecossistema de pagamentos para lojistas', 'credit-card', '#2754C5', '#EAF0FD', 'Solução de maquininha de cartão (POS) e gestão de recebíveis voltada a pequenos e médios lojistas, com foco em simplicidade na adesão e antecipação de recebíveis.', '["Diminuir o tempo de ativação de uma nova maquininha para menos de 10 minutos","Aumentar a adesão à antecipação automática de recebíveis","Reduzir o índice de chargebacks indevidos"]'::jsonb, '[{"label":"Tempo de ativação da maquininha","target":"< 10 min"},{"label":"Adesão à antecipação automática","target":"+15% no semestre"},{"label":"Índice de chargebacks indevidos","target":"< 0.3%"}]'::jsonb, '["C","Java","Spring Boot","RabbitMQ","MySQL"]'::jsonb, '{"lead":"Bruno Salgado","size":9,"squads":["Hardware","Recebíveis"]}'::jsonb, '["Conhecer o produto","Instalar ambiente","Configurar acessos","Ler documentação","Assistir vídeos","Realizar treinamento","Fazer exercício prático","Validar conhecimentos"]'::jsonb)
ON CONFLICT (id) DO UPDATE SET name = EXCLUDED.name, tagline = EXCLUDED.tagline, icon = EXCLUDED.icon, color = EXCLUDED.color, soft = EXCLUDED.soft, description = EXCLUDED.description, objectives = EXCLUDED.objectives, metrics = EXCLUDED.metrics, tech = EXCLUDED.tech, team = EXCLUDED.team, trilha = EXCLUDED.trilha, updated_at = now();

INSERT INTO public.project_contacts (project_id, name, role, contact, sort_order) VALUES ('tupi', 'Bruno Salgado', 'Tech Lead', 'bruno.salgado@empresa.com', 0);
INSERT INTO public.project_contacts (project_id, name, role, contact, sort_order) VALUES ('tupi', 'Heloísa Drumond', 'Product Manager', 'heloisa.drumond@empresa.com', 1);
INSERT INTO public.project_links (project_id, label, url, sort_order) VALUES ('tupi', 'Repositório principal', '#', 0);
INSERT INTO public.project_links (project_id, label, url, sort_order) VALUES ('tupi', 'Board do projeto', '#', 1);
INSERT INTO public.project_people (project_id, name, role, area, contact, specialty, sort_order) VALUES ('tupi', 'Bruno Salgado', 'Tech Lead', 'Engenharia', 'bruno.salgado@empresa.com', 'Sistemas embarcados', 0);
INSERT INTO public.project_people (project_id, name, role, area, contact, specialty, sort_order) VALUES ('tupi', 'Heloísa Drumond', 'Product Manager', 'Produto', 'heloisa.drumond@empresa.com', 'Recebíveis', 1);
INSERT INTO public.project_people (project_id, name, role, area, contact, specialty, sort_order) VALUES ('tupi', 'Tiago Murano', 'Engenheiro de Software', 'Engenharia', 'tiago.murano@empresa.com', 'Backend de pagamentos', 2);
INSERT INTO public.project_stakeholders (project_id, name, role, area, contact, influence, interest, expectativa, sort_order) VALUES ('tupi', 'Juliana Freitas', 'Gerente Comercial', 'Comercial', 'juliana.freitas@empresa.com', 'Alto', 'Alto', 'Crescimento de base de lojistas ativos', 0);
INSERT INTO public.project_stakeholders (project_id, name, role, area, contact, influence, interest, expectativa, sort_order) VALUES ('tupi', 'Marcos Vaz', 'Head de Operações', 'Operações', 'marcos.vaz@empresa.com', 'Alto', 'Médio', 'Redução de chamados de suporte de ativação', 1);
INSERT INTO public.project_stakeholders (project_id, name, role, area, contact, influence, interest, expectativa, sort_order) VALUES ('tupi', 'Sandra Oliveira', 'Diretora Financeira', 'Financeiro', 'sandra.oliveira@empresa.com', 'Médio', 'Alto', 'Controle das taxas e margens de antecipação', 2);
INSERT INTO public.project_meetings (project_id, name, frequency, duration, meeting_time, participants, descricao, link, sort_order) VALUES ('tupi', 'Daily', 'Diária', '15 min', '09:30', '["Devs","QA","Tech Lead"]'::jsonb, 'Alinhamento rápido do time sobre progresso e bloqueios.', 'https://meet.google.com/abc-defg-hij', 0);
INSERT INTO public.project_meetings (project_id, name, frequency, duration, meeting_time, participants, descricao, link, sort_order) VALUES ('tupi', 'Sprint Planning', 'A cada 2 semanas', '1h30', '10:00 (seg)', '["Devs","PO","Tech Lead"]'::jsonb, 'Planejamento do sprint com foco em hardware e recebíveis.', 'https://meet.google.com/abc-defg-hij', 1);
INSERT INTO public.project_meetings (project_id, name, frequency, duration, meeting_time, participants, descricao, link, sort_order) VALUES ('tupi', 'Sprint Review', 'A cada 2 semanas', '1h', '15:00 (sex)', '["Devs","PO","Comercial"]'::jsonb, 'Demonstração de funcionalidades entregues.', 'https://meet.google.com/abc-defg-hij', 2);
INSERT INTO public.project_meetings (project_id, name, frequency, duration, meeting_time, participants, descricao, link, sort_order) VALUES ('tupi', 'Retrospectiva', 'A cada 2 semanas', '45 min', '16:00 (sex)', '["Time completo"]'::jsonb, 'Avaliação do processo e definição de melhorias.', 'https://meet.google.com/abc-defg-hij', 3);
INSERT INTO public.project_meetings (project_id, name, frequency, duration, meeting_time, participants, descricao, link, sort_order) VALUES ('tupi', 'Sync Hardware', 'Semanal', '30 min', '14:00 (ter)', '["Squad Hardware"]'::jsonb, 'Alinhamento específico sobre firmware e comunicação POS.', 'https://meet.google.com/abc-defg-hij', 4);
INSERT INTO public.project_glossary (project_id, term, definition, sort_order) VALUES ('tupi', 'EMV', 'Padrão técnico de segurança usado em cartões com chip.', 0);
INSERT INTO public.project_glossary (project_id, term, definition, sort_order) VALUES ('tupi', 'Settlement', 'Liquidação financeira final de uma transação entre as partes.', 1);
INSERT INTO public.project_glossary (project_id, term, definition, sort_order) VALUES ('tupi', 'Chargeback', 'Estorno de uma transação contestada pelo titular do cartão.', 2);
INSERT INTO public.project_glossary (project_id, term, definition, sort_order) VALUES ('tupi', 'Antecipação', 'Recebimento adiantado de valores de vendas parceladas, mediante taxa.', 3);
INSERT INTO public.project_faq (project_id, category, question, answer, sort_order) VALUES ('tupi', 'Hardware', 'Como solicito uma maquininha de teste?', 'Solicite via canal #hardware-tupi informando o squad e o motivo.', 0);
INSERT INTO public.project_documents (project_id, category, title, doc_type, author, doc_date, url, sort_order) VALUES ('tupi', 'Arquitetura', 'Comunicação maquininha ↔ backend', 'Diagrama', 'Bruno Salgado', '2025-02-10'::date, '#', 0);
INSERT INTO public.project_documents (project_id, category, title, doc_type, author, doc_date, url, sort_order) VALUES ('tupi', 'Regras de negócio', 'Taxas e planos de antecipação', 'Documento', 'Heloísa Drumond', '2025-03-15'::date, '#', 1);
INSERT INTO public.project_documents (project_id, category, title, doc_type, author, doc_date, url, sort_order) VALUES ('tupi', 'Fluxos', 'Fluxo de ativação de maquininha', 'Fluxo', 'Bruno Salgado', '2025-04-22'::date, '#', 2);
INSERT INTO public.project_documents (project_id, category, title, doc_type, author, doc_date, url, sort_order) VALUES ('tupi', 'APIs', 'API de recebíveis', 'Referência', 'Tiago Murano', '2025-05-08'::date, '#', 3);
INSERT INTO public.project_documents (project_id, category, title, doc_type, author, doc_date, url, sort_order) VALUES ('tupi', 'Banco de Dados', 'Modelo de transações POS', 'Documento', 'Bruno Salgado', '2025-06-20'::date, '#', 4);
INSERT INTO public.project_documents (project_id, category, title, doc_type, author, doc_date, url, sort_order) VALUES ('tupi', 'Padrões de Código', 'Guia de estilo Java', 'Guia', 'Tiago Murano', '2025-07-05'::date, '#', 5);
INSERT INTO public.project_operation_alerts (project_id, nome, severidade, significado, acao, sort_order) VALUES ('tupi', 'POS_OFFLINE', 'Alta', 'Maquininha sem comunicação por mais de 10 minutos. Possível falha de rede no lojista ou travamento do firmware.', 'Verificar status no portal de gestão de dispositivos e acionar suporte remoto.', 0);
INSERT INTO public.project_operation_alerts (project_id, nome, severidade, significado, acao, sort_order) VALUES ('tupi', 'TRANSACTION_TIMEOUT', 'Alta', 'Transação sem resposta da adquirente em mais de 30s. Pode indicar instabilidade no gateway.', 'Checar status da adquirente e logs do serviço payment-gateway.', 1);
INSERT INTO public.project_operation_alerts (project_id, nome, severidade, significado, acao, sort_order) VALUES ('tupi', 'ANTECIPACAO_FALHA', 'Média', 'Falha na liquidação de antecipação de recebíveis.', 'Acionar squad de Recebíveis via #squad-recebiveis e verificar API do banco parceiro.', 2);
INSERT INTO public.project_operation_diagnostics (project_id, step_text, sort_order) VALUES ('tupi', '1. Verificar painel de status dos dispositivos POS no portal interno', 0);
INSERT INTO public.project_operation_diagnostics (project_id, step_text, sort_order) VALUES ('tupi', '2. Checar logs de transação no Kibana filtrando por terminal_id e status:failed', 1);
INSERT INTO public.project_operation_diagnostics (project_id, step_text, sort_order) VALUES ('tupi', '3. Confirmar se a falha é pontual (1 terminal) ou sistêmica (múltiplos terminais)', 2);
INSERT INTO public.project_operation_diagnostics (project_id, step_text, sort_order) VALUES ('tupi', '4. Verificar conectividade da adquirente nos dashboards de parceiros', 3);
INSERT INTO public.project_operation_diagnostics (project_id, step_text, sort_order) VALUES ('tupi', '5. Acionar o suporte remoto do hardware se o dispositivo não responder', 4);
INSERT INTO public.project_operation_diagnostics (project_id, step_text, sort_order) VALUES ('tupi', '6. Abrir ticket no sistema de suporte com evidências de logs para escalation', 5);
INSERT INTO public.project_operation_contacts (project_id, problema, responsavel, canal, sort_order) VALUES ('tupi', 'Falha de hardware / firmware', 'Bruno Salgado (Tech Lead)', '#hardware-tupi', 0);
INSERT INTO public.project_operation_contacts (project_id, problema, responsavel, canal, sort_order) VALUES ('tupi', 'Transação reprovada / gateway', 'Tiago Murano (Backend)', '#squad-pagamentos-tupi', 1);
INSERT INTO public.project_operation_contacts (project_id, problema, responsavel, canal, sort_order) VALUES ('tupi', 'Antecipação de recebíveis', 'Squad Recebíveis', '#squad-recebiveis', 2);
INSERT INTO public.project_operation_contacts (project_id, problema, responsavel, canal, sort_order) VALUES ('tupi', 'Atendimento ao lojista', 'Suporte Tupi', '#suporte-tupi', 3);
INSERT INTO public.project_operation_logs (project_id, sistema, onde, filtro, sort_order) VALUES ('tupi', 'Transações POS', 'Kibana → Index tupi-transactions', 'terminal_id:<id> AND status:failed | últimas 2h', 0);
INSERT INTO public.project_operation_logs (project_id, sistema, onde, filtro, sort_order) VALUES ('tupi', 'Firmware de dispositivos', 'Portal de gestão de dispositivos → Logs', 'Filtrar por device_id e nível WARN/ERROR', 1);
INSERT INTO public.project_operation_logs (project_id, sistema, onde, filtro, sort_order) VALUES ('tupi', 'API de recebíveis', 'Datadog → Services → recebiveis-api', 'status:error @operation:liquidacao', 2);
INSERT INTO public.project_operation_channels (project_id, nome, plataforma, descricao, sort_order) VALUES ('tupi', '#tupi-geral', 'Slack', 'Comunicações gerais do produto Tupi.', 0);
INSERT INTO public.project_operation_channels (project_id, nome, plataforma, descricao, sort_order) VALUES ('tupi', '#hardware-tupi', 'Slack', 'Discussões técnicas sobre dispositivos POS e firmware.', 1);
INSERT INTO public.project_operation_channels (project_id, nome, plataforma, descricao, sort_order) VALUES ('tupi', '#squad-recebiveis', 'Slack', 'Time responsável por antecipações e liquidações.', 2);
INSERT INTO public.project_operation_channels (project_id, nome, plataforma, descricao, sort_order) VALUES ('tupi', 'Board Jira Tupi', 'Jira', 'Backlog, sprints e épicos do produto Tupi.', 3);

-- Projeto: Convem Board
INSERT INTO public.projects (id, name, tagline, icon, color, soft, description, objectives, metrics, tech, team, trilha)
VALUES ('convem-board', 'Convem Board', 'Painel de gestão para lojistas parceiros', 'bar-chart', '#B45309', '#FDF1E3', 'Dashboard web onde lojistas acompanham vendas, conciliação financeira e relacionamento com a operação, centralizando os principais indicadores do negócio.', '["Reduzir chamados de suporte sobre conciliação em 30%","Aumentar o uso de relatórios exportáveis","Padronizar indicadores entre todos os segmentos de lojista"]'::jsonb, '[{"label":"Chamados de suporte sobre conciliação","target":"-30%"},{"label":"Uso de relatórios exportáveis","target":"+25% ao mês"},{"label":"Tempo de atualização dos indicadores","target":"≤ 1 hora"}]'::jsonb, '["React","TypeScript","Node.js","GraphQL","PostgreSQL"]'::jsonb, '{"lead":"Patrícia Anjos","size":7,"squads":["Indicadores","Conciliação"]}'::jsonb, '["Conhecer o produto","Instalar ambiente","Configurar acessos","Ler documentação","Assistir vídeos","Realizar treinamento","Fazer exercício prático","Validar conhecimentos"]'::jsonb)
ON CONFLICT (id) DO UPDATE SET name = EXCLUDED.name, tagline = EXCLUDED.tagline, icon = EXCLUDED.icon, color = EXCLUDED.color, soft = EXCLUDED.soft, description = EXCLUDED.description, objectives = EXCLUDED.objectives, metrics = EXCLUDED.metrics, tech = EXCLUDED.tech, team = EXCLUDED.team, trilha = EXCLUDED.trilha, updated_at = now();

INSERT INTO public.project_contacts (project_id, name, role, contact, sort_order) VALUES ('convem-board', 'Patrícia Anjos', 'Tech Lead', 'patricia.anjos@empresa.com', 0);
INSERT INTO public.project_contacts (project_id, name, role, contact, sort_order) VALUES ('convem-board', 'Davi Mourão', 'Product Manager', 'davi.mourao@empresa.com', 1);
INSERT INTO public.project_links (project_id, label, url, sort_order) VALUES ('convem-board', 'Repositório principal', '#', 0);
INSERT INTO public.project_links (project_id, label, url, sort_order) VALUES ('convem-board', 'Board do projeto', '#', 1);
INSERT INTO public.project_people (project_id, name, role, area, contact, specialty, sort_order) VALUES ('convem-board', 'Patrícia Anjos', 'Tech Lead', 'Engenharia', 'patricia.anjos@empresa.com', 'Frontend de dados', 0);
INSERT INTO public.project_people (project_id, name, role, area, contact, specialty, sort_order) VALUES ('convem-board', 'Davi Mourão', 'Product Manager', 'Produto', 'davi.mourao@empresa.com', 'Experiência do lojista', 1);
INSERT INTO public.project_stakeholders (project_id, name, role, area, contact, influence, interest, expectativa, sort_order) VALUES ('convem-board', 'Thiago Corrêa', 'Head de Lojistas', 'Comercial', 'thiago.correa@empresa.com', 'Alto', 'Alto', 'Painel intuitivo que reduza chamados de suporte', 0);
INSERT INTO public.project_stakeholders (project_id, name, role, area, contact, influence, interest, expectativa, sort_order) VALUES ('convem-board', 'Priscila Neves', 'Gerente de Conciliação', 'Financeiro', 'priscila.neves@empresa.com', 'Médio', 'Alto', 'Conciliação automática e sem divergências', 1);
INSERT INTO public.project_stakeholders (project_id, name, role, area, contact, influence, interest, expectativa, sort_order) VALUES ('convem-board', 'Eduardo Rocha', 'Head de BI', 'Dados', 'eduardo.rocha@empresa.com', 'Médio', 'Médio', 'Padronização de métricas entre segmentos', 2);
INSERT INTO public.project_meetings (project_id, name, frequency, duration, meeting_time, participants, descricao, link, sort_order) VALUES ('convem-board', 'Daily', 'Diária', '15 min', '09:00', '["Devs","PO","Tech Lead"]'::jsonb, 'Alinhamento diário de andamento das tasks e bloqueios.', 'https://meet.google.com/abc-defg-hij', 0);
INSERT INTO public.project_meetings (project_id, name, frequency, duration, meeting_time, participants, descricao, link, sort_order) VALUES ('convem-board', 'Sprint Planning', 'A cada 2 semanas', '1h30', '10:00 (seg)', '["Devs","PO","Tech Lead"]'::jsonb, 'Definição das entregas do próximo sprint.', 'https://meet.google.com/abc-defg-hij', 1);
INSERT INTO public.project_meetings (project_id, name, frequency, duration, meeting_time, participants, descricao, link, sort_order) VALUES ('convem-board', 'Sprint Review', 'A cada 2 semanas', '1h', '15:00 (sex)', '["Devs","PO","Head de Lojistas"]'::jsonb, 'Apresentação das entregas do sprint para stakeholders.', 'https://meet.google.com/abc-defg-hij', 2);
INSERT INTO public.project_meetings (project_id, name, frequency, duration, meeting_time, participants, descricao, link, sort_order) VALUES ('convem-board', 'Retrospectiva', 'A cada 2 semanas', '1h', '16:00 (sex)', '["Time completo"]'::jsonb, 'Melhoria contínua do processo do time.', 'https://meet.google.com/abc-defg-hij', 3);
INSERT INTO public.project_meetings (project_id, name, frequency, duration, meeting_time, participants, descricao, link, sort_order) VALUES ('convem-board', 'Sync BI / Dados', 'Quinzenal', '45 min', '14:00 (qua)', '["Dev","Head BI"]'::jsonb, 'Alinhamento de métricas e indicadores com o time de dados.', 'https://meet.google.com/abc-defg-hij', 4);
INSERT INTO public.project_glossary (project_id, term, definition, sort_order) VALUES ('convem-board', 'Settlement', 'Liquidação financeira final de uma transação entre as partes.', 0);
INSERT INTO public.project_glossary (project_id, term, definition, sort_order) VALUES ('convem-board', 'Webhook', 'Notificação automática enviada por um sistema quando um evento ocorre.', 1);
INSERT INTO public.project_glossary (project_id, term, definition, sort_order) VALUES ('convem-board', 'API', 'Interface que permite a comunicação entre sistemas diferentes.', 2);
INSERT INTO public.project_faq (project_id, category, question, answer, sort_order) VALUES ('convem-board', 'Indicadores', 'Com que frequência os dados são atualizados?', 'Os indicadores são recalculados a cada hora.', 0);
INSERT INTO public.project_documents (project_id, category, title, doc_type, author, doc_date, url, sort_order) VALUES ('convem-board', 'Arquitetura', 'Visão geral do painel web', 'Diagrama', 'Patrícia Anjos', '2025-01-14'::date, '#', 0);
INSERT INTO public.project_documents (project_id, category, title, doc_type, author, doc_date, url, sort_order) VALUES ('convem-board', 'Regras de negócio', 'Regras de conciliação financeira', 'Documento', 'Davi Mourão', '2025-02-28'::date, '#', 1);
INSERT INTO public.project_documents (project_id, category, title, doc_type, author, doc_date, url, sort_order) VALUES ('convem-board', 'Design System', 'Componentes web compartilhados', 'Referência', 'Patrícia Anjos', '2025-03-10'::date, '#', 2);
INSERT INTO public.project_documents (project_id, category, title, doc_type, author, doc_date, url, sort_order) VALUES ('convem-board', 'APIs', 'Schema GraphQL', 'Referência', 'Patrícia Anjos', '2025-04-25'::date, '#', 3);
INSERT INTO public.project_documents (project_id, category, title, doc_type, author, doc_date, url, sort_order) VALUES ('convem-board', 'Boas práticas', 'Checklist de acessibilidade', 'Guia', 'Davi Mourão', '2025-06-12'::date, '#', 4);
INSERT INTO public.project_operation_alerts (project_id, nome, severidade, significado, acao, sort_order) VALUES ('convem-board', 'CONCILIACAO_DIVERGENCIA', 'Alta', 'Divergência detectada entre vendas registradas e repasses efetivados acima de R$ 1.000.', 'Acionar squad de Conciliação via #conciliacao-convem com o relatório de divergência.', 0);
INSERT INTO public.project_operation_alerts (project_id, nome, severidade, significado, acao, sort_order) VALUES ('convem-board', 'DASHBOARD_DATA_STALE', 'Média', 'Dados do painel com mais de 2h sem atualização. Possível falha no pipeline de dados.', 'Verificar jobs do Airflow e logs do serviço de ingestão de dados.', 1);
INSERT INTO public.project_operation_alerts (project_id, nome, severidade, significado, acao, sort_order) VALUES ('convem-board', 'EXPORT_FAILURE', 'Baixa', 'Falha na geração de relatório exportável pelo lojista.', 'Verificar logs do serviço report-generator e queue de jobs de exportação.', 2);
INSERT INTO public.project_operation_diagnostics (project_id, step_text, sort_order) VALUES ('convem-board', '1. Verificar o status dos jobs de conciliação no painel do Airflow', 0);
INSERT INTO public.project_operation_diagnostics (project_id, step_text, sort_order) VALUES ('convem-board', '2. Checar logs do serviço de ingestão de dados no Datadog', 1);
INSERT INTO public.project_operation_diagnostics (project_id, step_text, sort_order) VALUES ('convem-board', '3. Confirmar se a divergência afeta um único lojista ou é sistêmica', 2);
INSERT INTO public.project_operation_diagnostics (project_id, step_text, sort_order) VALUES ('convem-board', '4. Verificar a integridade dos dados no banco PostgreSQL', 3);
INSERT INTO public.project_operation_diagnostics (project_id, step_text, sort_order) VALUES ('convem-board', '5. Acionar o time de dados se o pipeline estiver com lag', 4);
INSERT INTO public.project_operation_diagnostics (project_id, step_text, sort_order) VALUES ('convem-board', '6. Abrir ticket de suporte com CNPJ do lojista afetado para rastreamento', 5);
INSERT INTO public.project_operation_contacts (project_id, problema, responsavel, canal, sort_order) VALUES ('convem-board', 'Divergência de conciliação', 'Priscila Neves + Squad Conciliação', '#conciliacao-convem', 0);
INSERT INTO public.project_operation_contacts (project_id, problema, responsavel, canal, sort_order) VALUES ('convem-board', 'Dados desatualizados no painel', 'Patrícia Anjos (Tech Lead)', '#convem-board-dev', 1);
INSERT INTO public.project_operation_contacts (project_id, problema, responsavel, canal, sort_order) VALUES ('convem-board', 'Falha em exportação de relatório', 'Squad Indicadores', '#squad-indicadores', 2);
INSERT INTO public.project_operation_contacts (project_id, problema, responsavel, canal, sort_order) VALUES ('convem-board', 'Problemas de acesso do lojista', 'Suporte Convem', '#suporte-convem', 3);
INSERT INTO public.project_operation_logs (project_id, sistema, onde, filtro, sort_order) VALUES ('convem-board', 'Pipeline de dados (Airflow)', 'Airflow UI → DAGs → convem_ingestion', 'Status failed/upstream_failed nas últimas 6h', 0);
INSERT INTO public.project_operation_logs (project_id, sistema, onde, filtro, sort_order) VALUES ('convem-board', 'API do painel', 'Datadog → Services → convem-board-api', 'status:error @endpoint:/api/indicadores', 1);
INSERT INTO public.project_operation_logs (project_id, sistema, onde, filtro, sort_order) VALUES ('convem-board', 'Serviço de exportação', 'Datadog Logs → Index production', 'service:report-generator level:ERROR', 2);
INSERT INTO public.project_operation_channels (project_id, nome, plataforma, descricao, sort_order) VALUES ('convem-board', '#convem-board-geral', 'Slack', 'Canal principal do time Convem Board.', 0);
INSERT INTO public.project_operation_channels (project_id, nome, plataforma, descricao, sort_order) VALUES ('convem-board', '#conciliacao-convem', 'Slack', 'Discussões sobre conciliação financeira e divergências.', 1);
INSERT INTO public.project_operation_channels (project_id, nome, plataforma, descricao, sort_order) VALUES ('convem-board', '#squad-indicadores', 'Slack', 'Time de indicadores e BI.', 2);
INSERT INTO public.project_operation_channels (project_id, nome, plataforma, descricao, sort_order) VALUES ('convem-board', 'Board Jira Convem', 'Jira', 'Gestão de tarefas e sprints do produto.', 3);

-- Projeto: Reg+
INSERT INTO public.projects (id, name, tagline, icon, color, soft, description, objectives, metrics, tech, team, trilha)
VALUES ('reg-plus', 'Reg+', 'Plataforma de compliance e gestão regulatória', 'shield', '#6E3AAE', '#F1EAFB', 'Sistema interno responsável por monitorar obrigações regulatórias, prevenção à lavagem de dinheiro e relatórios exigidos pelo Banco Central.', '["Garantir 100% de aderência aos prazos regulatórios","Automatizar a geração de relatórios obrigatórios","Reduzir o tempo de análise de alertas de PLD"]'::jsonb, '[{"label":"Aderência a prazos regulatórios","target":"100%"},{"label":"Relatórios obrigatórios automatizados","target":"100% até Q4"},{"label":"Tempo médio de análise de alerta","target":"< 24h"}]'::jsonb, '["Python","Django","Airflow","PostgreSQL","Elasticsearch"]'::jsonb, '{"lead":"Otávio Reszka","size":6,"squads":["PLD","Relatórios Regulatórios"]}'::jsonb, '["Conhecer o produto","Instalar ambiente","Configurar acessos","Ler documentação","Assistir vídeos","Realizar treinamento","Fazer exercício prático","Validar conhecimentos"]'::jsonb)
ON CONFLICT (id) DO UPDATE SET name = EXCLUDED.name, tagline = EXCLUDED.tagline, icon = EXCLUDED.icon, color = EXCLUDED.color, soft = EXCLUDED.soft, description = EXCLUDED.description, objectives = EXCLUDED.objectives, metrics = EXCLUDED.metrics, tech = EXCLUDED.tech, team = EXCLUDED.team, trilha = EXCLUDED.trilha, updated_at = now();

INSERT INTO public.project_contacts (project_id, name, role, contact, sort_order) VALUES ('reg-plus', 'Otávio Reszka', 'Tech Lead', 'otavio.reszka@empresa.com', 0);
INSERT INTO public.project_contacts (project_id, name, role, contact, sort_order) VALUES ('reg-plus', 'Lívia Castanho', 'Especialista em Compliance', 'livia.castanho@empresa.com', 1);
INSERT INTO public.project_links (project_id, label, url, sort_order) VALUES ('reg-plus', 'Repositório principal', '#', 0);
INSERT INTO public.project_links (project_id, label, url, sort_order) VALUES ('reg-plus', 'Base de conhecimento de Compliance', '#', 1);
INSERT INTO public.project_people (project_id, name, role, area, contact, specialty, sort_order) VALUES ('reg-plus', 'Otávio Reszka', 'Tech Lead', 'Engenharia', 'otavio.reszka@empresa.com', 'Pipelines de dados', 0);
INSERT INTO public.project_people (project_id, name, role, area, contact, specialty, sort_order) VALUES ('reg-plus', 'Lívia Castanho', 'Especialista em Compliance', 'Compliance', 'livia.castanho@empresa.com', 'Regulação do Banco Central', 1);
INSERT INTO public.project_stakeholders (project_id, name, role, area, contact, influence, interest, expectativa, sort_order) VALUES ('reg-plus', 'Gustavo Arruda', 'Diretor de Compliance', 'Compliance', 'gustavo.arruda@empresa.com', 'Alto', 'Alto', '100% de aderência aos prazos do Bacen sem falhas', 0);
INSERT INTO public.project_stakeholders (project_id, name, role, area, contact, influence, interest, expectativa, sort_order) VALUES ('reg-plus', 'Isabela Campos', 'Auditora Interna', 'Auditoria', 'isabela.campos@empresa.com', 'Alto', 'Alto', 'Rastreabilidade completa de todas as análises de PLD', 1);
INSERT INTO public.project_stakeholders (project_id, name, role, area, contact, influence, interest, expectativa, sort_order) VALUES ('reg-plus', 'Felipe Duarte', 'Head de Tecnologia', 'TI', 'felipe.duarte@empresa.com', 'Médio', 'Médio', 'Automação máxima de relatórios regulatórios', 2);
INSERT INTO public.project_meetings (project_id, name, frequency, duration, meeting_time, participants, descricao, link, sort_order) VALUES ('reg-plus', 'Daily', 'Diária', '15 min', '09:00', '["Devs","Compliance","Tech Lead"]'::jsonb, 'Alinhamento de tarefas e prazos regulatórios do dia.', 'https://meet.google.com/abc-defg-hij', 0);
INSERT INTO public.project_meetings (project_id, name, frequency, duration, meeting_time, participants, descricao, link, sort_order) VALUES ('reg-plus', 'Sprint Planning', 'A cada 2 semanas', '1h30', '10:00 (seg)', '["Devs","PO","Compliance"]'::jsonb, 'Planejamento com foco em obrigações regulatórias e PLD.', 'https://meet.google.com/abc-defg-hij', 1);
INSERT INTO public.project_meetings (project_id, name, frequency, duration, meeting_time, participants, descricao, link, sort_order) VALUES ('reg-plus', 'Sprint Review', 'A cada 2 semanas', '1h', '15:00 (sex)', '["Devs","Compliance","Auditoria"]'::jsonb, 'Validação das entregas com o time de Compliance.', 'https://meet.google.com/abc-defg-hij', 2);
INSERT INTO public.project_meetings (project_id, name, frequency, duration, meeting_time, participants, descricao, link, sort_order) VALUES ('reg-plus', 'Reunião Regulatória Mensal', 'Mensal', '2h', '10:00 (última qua)', '["Compliance","TI","Auditoria"]'::jsonb, 'Revisão do calendário de obrigações e status de entregas ao Bacen.', 'https://meet.google.com/abc-defg-hij', 3);
INSERT INTO public.project_meetings (project_id, name, frequency, duration, meeting_time, participants, descricao, link, sort_order) VALUES ('reg-plus', 'Comitê de PLD', 'Mensal', '1h', '14:00 (1ª ter)', '["Compliance","Tech Lead","Diretoria"]'::jsonb, 'Análise de alertas críticos de PLD e decisões de encaminhamento.', 'https://meet.google.com/abc-defg-hij', 4);
INSERT INTO public.project_glossary (project_id, term, definition, sort_order) VALUES ('reg-plus', 'PLD', 'Prevenção à Lavagem de Dinheiro.', 0);
INSERT INTO public.project_glossary (project_id, term, definition, sort_order) VALUES ('reg-plus', 'Rollback', 'Reversão de uma alteração para um estado anterior estável.', 1);
INSERT INTO public.project_glossary (project_id, term, definition, sort_order) VALUES ('reg-plus', 'API', 'Interface que permite a comunicação entre sistemas diferentes.', 2);
INSERT INTO public.project_faq (project_id, category, question, answer, sort_order) VALUES ('reg-plus', 'Regulação', 'Onde encontro o calendário regulatório?', 'Disponível na Documentação > Regras de negócio.', 0);
INSERT INTO public.project_documents (project_id, category, title, doc_type, author, doc_date, url, sort_order) VALUES ('reg-plus', 'Arquitetura', 'Pipeline de dados regulatórios', 'Diagrama', 'Otávio Reszka', '2025-03-05'::date, '#', 0);
INSERT INTO public.project_documents (project_id, category, title, doc_type, author, doc_date, url, sort_order) VALUES ('reg-plus', 'Regras de negócio', 'Critérios de alerta de PLD', 'Documento', 'Lívia Castanho', '2025-04-18'::date, '#', 1);
INSERT INTO public.project_documents (project_id, category, title, doc_type, author, doc_date, url, sort_order) VALUES ('reg-plus', 'Fluxos', 'Fluxo de análise de alerta', 'Fluxo', 'Otávio Reszka', '2025-05-30'::date, '#', 2);
INSERT INTO public.project_documents (project_id, category, title, doc_type, author, doc_date, url, sort_order) VALUES ('reg-plus', 'Banco de Dados', 'Modelo de eventos regulatórios', 'Documento', 'Otávio Reszka', '2025-07-14'::date, '#', 3);
INSERT INTO public.project_documents (project_id, category, title, doc_type, author, doc_date, url, sort_order) VALUES ('reg-plus', 'Padrões de Código', 'Guia de estilo Python', 'Guia', 'Otávio Reszka', '2025-08-22'::date, '#', 4);
INSERT INTO public.project_documents (project_id, category, title, doc_type, author, doc_date, url, sort_order) VALUES ('reg-plus', 'Boas práticas', 'Política de retenção de dados', 'Guia', 'Lívia Castanho', '2025-09-10'::date, '#', 5);
INSERT INTO public.project_operation_alerts (project_id, nome, severidade, significado, acao, sort_order) VALUES ('reg-plus', 'PLD_ALERT_CRITICAL', 'Alta', 'Alerta de PLD classificado como crítico pelo motor de regras. Requer análise manual imediata em até 24h.', 'Abrir caso no sistema de análise de PLD e acionar analista de Compliance via #pld-alertas.', 0);
INSERT INTO public.project_operation_alerts (project_id, nome, severidade, significado, acao, sort_order) VALUES ('reg-plus', 'BACEN_REPORT_OVERDUE', 'Alta', 'Relatório obrigatório para o Bacen com prazo vencido ou em risco (menos de 1h para o deadline).', 'Acionar Otávio Reszka (Tech Lead) e Gustavo Arruda (Compliance) imediatamente.', 1);
INSERT INTO public.project_operation_alerts (project_id, nome, severidade, significado, acao, sort_order) VALUES ('reg-plus', 'PIPELINE_DELAY', 'Média', 'Pipeline de ingestão de dados regulatórios com atraso superior a 30 minutos.', 'Verificar DAGs no Airflow e logs do Elasticsearch.', 2);
INSERT INTO public.project_operation_alerts (project_id, nome, severidade, significado, acao, sort_order) VALUES ('reg-plus', 'DATA_QUALITY_FAIL', 'Média', 'Falha na validação de qualidade de dados que alimentam relatórios regulatórios.', 'Checar regras de validação no serviço data-quality-reg e reprocessar se necessário.', 3);
INSERT INTO public.project_operation_diagnostics (project_id, step_text, sort_order) VALUES ('reg-plus', '1. Verificar o painel de status de obrigações regulatórias no Reg+', 0);
INSERT INTO public.project_operation_diagnostics (project_id, step_text, sort_order) VALUES ('reg-plus', '2. Checar logs do pipeline no Airflow (DAG: bacen_report_pipeline)', 1);
INSERT INTO public.project_operation_diagnostics (project_id, step_text, sort_order) VALUES ('reg-plus', '3. Verificar se os dados do Elasticsearch estão indexados corretamente', 2);
INSERT INTO public.project_operation_diagnostics (project_id, step_text, sort_order) VALUES ('reg-plus', '4. Confirmar se há jobs de reprocessamento pendentes na fila', 3);
INSERT INTO public.project_operation_diagnostics (project_id, step_text, sort_order) VALUES ('reg-plus', '5. Acionar Lívia Castanho (Compliance) para validação do impacto regulatório', 4);
INSERT INTO public.project_operation_diagnostics (project_id, step_text, sort_order) VALUES ('reg-plus', '6. Documentar o incidente no sistema de gestão de riscos', 5);
INSERT INTO public.project_operation_diagnostics (project_id, step_text, sort_order) VALUES ('reg-plus', '7. Notificar Diretor de Compliance se prazo regulatório estiver em risco', 6);
INSERT INTO public.project_operation_contacts (project_id, problema, responsavel, canal, sort_order) VALUES ('reg-plus', 'Alerta crítico de PLD', 'Lívia Castanho (Compliance)', '#pld-alertas', 0);
INSERT INTO public.project_operation_contacts (project_id, problema, responsavel, canal, sort_order) VALUES ('reg-plus', 'Relatório atrasado para o Bacen', 'Gustavo Arruda + Otávio Reszka', '#reg-urgente', 1);
INSERT INTO public.project_operation_contacts (project_id, problema, responsavel, canal, sort_order) VALUES ('reg-plus', 'Falha no pipeline de dados', 'Otávio Reszka (Tech Lead)', '#reg-plus-dev', 2);
INSERT INTO public.project_operation_contacts (project_id, problema, responsavel, canal, sort_order) VALUES ('reg-plus', 'Questão de auditoria', 'Isabela Campos (Auditora)', '#auditoria-interna', 3);
INSERT INTO public.project_operation_logs (project_id, sistema, onde, filtro, sort_order) VALUES ('reg-plus', 'Pipeline regulatório (Airflow)', 'Airflow UI → DAGs → bacen_report_pipeline', 'Tasks com status failed nas últimas 24h', 0);
INSERT INTO public.project_operation_logs (project_id, sistema, onde, filtro, sort_order) VALUES ('reg-plus', 'Elasticsearch (eventos reg.)', 'Kibana → Index reg-events-*', 'level:ERROR AND tag:regulatorio | últimas 2h', 1);
INSERT INTO public.project_operation_logs (project_id, sistema, onde, filtro, sort_order) VALUES ('reg-plus', 'Motor de regras PLD', 'Datadog → Services → pld-engine', 'alert_level:CRITICAL @operation:evaluate', 2);
INSERT INTO public.project_operation_logs (project_id, sistema, onde, filtro, sort_order) VALUES ('reg-plus', 'Serviço de geração de relatórios', 'Datadog Logs → Index production', 'service:bacen-report-generator status:error', 3);
INSERT INTO public.project_operation_channels (project_id, nome, plataforma, descricao, sort_order) VALUES ('reg-plus', '#reg-plus-geral', 'Slack', 'Canal principal do time Reg+ para comunicações do projeto.', 0);
INSERT INTO public.project_operation_channels (project_id, nome, plataforma, descricao, sort_order) VALUES ('reg-plus', '#pld-alertas', 'Slack', 'Notificações automáticas de alertas de PLD e escalations.', 1);
INSERT INTO public.project_operation_channels (project_id, nome, plataforma, descricao, sort_order) VALUES ('reg-plus', '#reg-urgente', 'Slack', 'Canal de emergência para incidentes com prazo regulatório em risco.', 2);
INSERT INTO public.project_operation_channels (project_id, nome, plataforma, descricao, sort_order) VALUES ('reg-plus', '#auditoria-interna', 'Slack', 'Comunicação com o time de auditoria interna.', 3);
INSERT INTO public.project_operation_channels (project_id, nome, plataforma, descricao, sort_order) VALUES ('reg-plus', 'Board Jira Reg+', 'Jira', 'Gestão de tarefas, épicos regulatórios e sprints.', 4);

INSERT INTO public.user_favorites (user_id, project_id)
SELECT id, 'app-banking' FROM auth.users WHERE email = 'feliper297@gmail.com'
ON CONFLICT DO NOTHING;

INSERT INTO public.user_trilha_progress (user_id, project_id, step_index)
SELECT id, 'app-banking', 0 FROM auth.users WHERE email = 'feliper297@gmail.com'
ON CONFLICT DO NOTHING;

COMMIT;